smoker,age,bmi,charges
no,39.31711880261927,30.656501403180545,8409.025939213283
yes,38.65942028985507,30.672771739130432,31963.762697246377
