region,age,bmi,charges
northeast,39.20307692307692,29.181953846153846,13371.921735720001
northwest,39.263803680981596,29.199386503067483,12468.875327730062
southeast,38.89100817438692,33.322970027247955,14658.800786893733
southwest,39.40672782874618,30.59577981651376,12295.839216269113
